{"cameraMode":{"drawMode":0,"name":"Shaded","section":"Shading Mode"},"sceneLighting":false,"audioPlay":false,"sceneViewState":{"showFog":true,"showMaterialUpdate":false,"showSkybox":false,"showFlares":true,"showImageEffects":true,"showParticleSystems":true},"in2DMode":false,"pivot":{"x":3.7087883949279787,"y":1.2690422534942628,"z":4.7045416831970219},"rotation":{"x":-0.18121254444122315,"y":0.7724922299385071,"z":-0.2530927062034607,"w":-0.5537049174308777},"size":0.17320498824119569,"orthographic":true}