{"cameraMode":{"drawMode":0,"name":"Shaded","section":"Shading Mode"},"sceneLighting":false,"audioPlay":false,"sceneViewState":{"showFog":true,"showMaterialUpdate":false,"showSkybox":false,"showFlares":true,"showImageEffects":true,"showParticleSystems":true},"in2DMode":false,"pivot":{"x":-0.13000011444091798,"y":-0.32000017166137698,"z":3.2449989318847658},"rotation":{"x":-0.00043170119170099497,"y":0.9992566108703613,"z":-0.03899258375167847,"w":-0.014342308044433594},"size":19.11768913269043,"orthographic":true}