{"cameraMode":{"drawMode":0,"name":"Shaded","section":"Shading Mode"},"sceneLighting":false,"audioPlay":false,"sceneViewState":{"showFog":true,"showMaterialUpdate":false,"showSkybox":false,"showFlares":true,"showImageEffects":true,"showParticleSystems":true},"in2DMode":false,"pivot":{"x":0.8119087219238281,"y":-11.5600004196167,"z":65.3499984741211},"rotation":{"x":0.1172407940030098,"y":-0.1277405470609665,"z":0.015208798460662365,"w":0.9847383499145508},"size":1.7320507764816285,"orthographic":false}